,number_of_episodes,weight_history,noise_history,number_of_steps,perf_tracker
0,1,"[[0.00165901 0.00100249]
 [0.00240095 0.00167652]
 [0.00092708 0.00067056]
 [0.00185649 0.00302953]]",0.005,8,8.0
1,2,"[[0.00304907 0.0011885 ]
 [0.00316809 0.00249051]
 [0.00340242 0.00172471]
 [0.00316598 0.00497595]]",0.0025,9,9.0
2,3,"[[0.00414968 0.00231155]
 [0.00333894 0.00294648]
 [0.00345005 0.00189524]
 [0.00377562 0.00501871]]",0.00125,9,9.0
3,4,"[[0.00417534 0.00273642]
 [0.0037603  0.00336837]
 [0.00359607 0.00207266]
 [0.00433152 0.00544845]]",0.000625,9,9.0
4,5,"[[0.00446118 0.00276818]
 [0.00388367 0.00346559]
 [0.00380174 0.00224459]
 [0.00451876 0.00553606]]",0.0003125,9,9.0
5,6,"[[0.00452423 0.00282043]
 [0.00390517 0.00360678]
 [0.00384697 0.00225641]
 [0.00455309 0.00567139]]",0.00015625,9,9.0
6,7,"[[0.00454959 0.00282177]
 [0.00391166 0.0036926 ]
 [0.0038612  0.00235294]
 [0.00462611 0.00573539]]",0.0001,49,40.0
7,8,"[[0.00458956 0.00289677]
 [0.00394471 0.00376325]
 [0.00393604 0.00239602]
 [0.00462833 0.00575002]]",0.0001,49,40.0
8,9,"[[0.00463941 0.00296762]
 [0.00402505 0.00376625]
 [0.00401195 0.00246397]
 [0.0046813  0.00578337]]",0.0001,54,45.0
9,10,"[[0.00472674 0.00304983]
 [0.00412108 0.00377565]
 [0.00406255 0.00256345]
 [0.00471002 0.00582443]]",0.0001,54,46.0
10,11,"[[0.00482636 0.00309316]
 [0.00412866 0.00385902]
 [0.00409828 0.00265725]
 [0.00480922 0.00592183]]",0.0001,60,51.0
11,12,"[[0.00486228 0.00315019]
 [0.00414636 0.00388223]
 [0.00410817 0.0026578 ]
 [0.00484265 0.00601284]]",0.0001,67,58.0
12,13,"[[0.00488602 0.00314783]
 [0.00417081 0.00398992]
 [0.00427308 0.0028443 ]
 [0.00489928 0.00594481]]",0.0002,88,34.0
13,14,"[[0.00504273 0.00331113]
 [0.00440271 0.00386054]
 [0.00440835 0.00273462]
 [0.00520544 0.00607045]]",0.0004,90,41.0
14,15,"[[0.00549404 0.00379604]
 [0.0048241  0.00399772]
 [0.00438548 0.00331185]
 [0.00493601 0.0061199 ]]",0.0008,112,52.0
15,16,"[[0.00574897 0.00398504]
 [0.00507764 0.00430115]
 [0.00469792 0.00333377]
 [0.00503896 0.00622668]]",0.0004,118,69.0
16,17,"[[0.00619116 0.00381045]
 [0.0053342  0.00459321]
 [0.00453579 0.00407298]
 [0.00535381 0.006811  ]]",0.0008,120,32.0
17,18,"[[0.00636197 0.00396375]
 [0.0055556  0.00492956]
 [0.0046596  0.0042502 ]
 [0.00559929 0.00694565]]",0.0004,137,83.0
18,19,"[[0.00667556 0.0038414 ]
 [0.00565413 0.00491416]
 [0.00530419 0.00419699]
 [0.00593723 0.00713651]]",0.0008,144,77.0
19,20,"[[0.00649217 0.00388635]
 [0.00640408 0.00460861]
 [0.00543558 0.00547835]
 [0.00591804 0.00733015]]",0.0016,151,61.0
20,21,"[[0.00679317 0.00562749]
 [0.00697752 0.00489198]
 [0.00641622 0.00454164]
 [0.00666796 0.0078662 ]]",0.0032,159,41.0
21,22,"[[0.00885068 0.00637676]
 [0.00761626 0.01013382]
 [0.0050525  0.00903404]
 [0.00817261 0.01158888]]",0.0064,174,62.0
22,23,"[[0.00917705 0.00932827]
 [0.00785257 0.01158569]
 [0.00609493 0.0102408 ]
 [0.0105347  0.01478139]]",0.0032,324,204.0
23,24,"[[0.01168131 0.00788429]
 [0.01173832 0.01364484]
 [0.0087215  0.01076389]
 [0.01421576 0.01242147]]",0.0064,340,166.0
24,25,"[[0.01596636 0.0181873 ]
 [0.02033192 0.01684984]
 [0.00598673 0.01771032]
 [0.01705903 0.02379761]]",0.0128,348,197.0
25,26,"[[0.01257975 0.00869633]
 [0.00797302 0.03238878]
 [0.01363469 0.01482489]
 [0.01189761 0.01747801]]",0.0256,349,9.0
26,27,"[[0.02313005 0.00885119]
 [0.02009256 0.04261491]
 [0.02092766 0.01964866]
 [0.02252723 0.02338108]]",0.0128,349,205.0
27,28,"[[0.02127918 0.03351668]
 [0.01559944 0.0484974 ]
 [0.03866705 0.02314085]
 [0.0147337  0.03218596]]",0.0256,349,25.0
28,29,"[[0.02363648 0.0358645 ]
 [0.02134796 0.05598856]
 [0.05141208 0.02871562]
 [0.02693154 0.03820939]]",0.0128,355,218.0
29,30,"[[0.04387984 0.0349807 ]
 [0.02776599 0.05799265]
 [0.06377702 0.02343336]
 [0.03089915 0.04444558]]",0.0256,358,9.0
30,31,"[[0.02372275 0.03816001]
 [0.06566869 0.06488638]
 [0.08749675 0.07009059]
 [0.04673195 0.04789875]]",0.0512,358,9.0
31,32,"[[0.08618902 0.07455316]
 [0.10511807 0.1245296 ]
 [0.084455   0.05395938]
 [0.10536472 0.03951946]]",0.1024,358,10.0
32,33,"[[0.2245589  0.08387686]
 [0.03654882 0.18354683]
 [0.1000161  0.20526371]
 [0.19347025 0.05180761]]",0.2048,359,10.0
33,34,"[[0.12047756 0.28436278]
 [0.28340033 0.35034409]
 [0.37336893 0.15042375]
 [0.41812342 0.25772178]]",0.4096,360,201.0
34,35,"[[0.71454216 0.52465745]
 [0.24247913 0.85611617]
 [0.16631925 0.20790512]
 [0.56967085 0.14315206]]",0.8192,364,9.0
35,36,"[[0.45732982 0.79249819]
 [1.31278574 1.65840199]
 [0.11924582 0.80456838]
 [0.58579374 0.32800496]]",1.6384,366,8.0
36,37,"[[0.92881538 0.10700401]
 [0.27807644 0.84869121]
 [1.30264001 0.8806201 ]
 [0.4246119  0.63967225]]",2.0,367,9.0
37,38,"[[1.79784242 0.56557271]
 [0.74298781 0.68081707]
 [2.00035434 1.66687823]
 [0.16359823 1.52996895]]",2.0,368,9.0
38,39,"[[1.98494929 0.28558055]
 [0.69260026 1.94797323]
 [1.80374662 1.20948776]
 [0.67124135 0.26081948]]",2.0,368,10.0
39,40,"[[1.58760739 1.73630736]
 [0.54413161 1.39403385]
 [1.06639249 1.6846102 ]
 [1.63375462 0.7706278 ]]",2.0,369,9.0
40,41,"[[1.24716647 1.34499545]
 [0.12648508 1.70076081]
 [1.33153144 1.68031209]
 [1.42411783 0.73816796]]",2.0,373,9.0
41,42,"[[0.71837742 1.00999749]
 [0.71486212 0.76946885]
 [0.08241027 0.09871684]
 [1.07622726 1.33194549]]",2.0,375,9.0
42,43,"[[1.79829655 1.23653988]
 [1.55788593 1.8568928 ]
 [0.0946069  1.15287191]
 [1.37709402 1.04669138]]",2.0,377,10.0
43,44,"[[0.91501647 1.7018669 ]
 [0.68881009 1.65795348]
 [1.53465864 1.62465911]
 [1.70611989 0.72586984]]",2.0,378,10.0
44,45,"[[1.79979829 1.11065333]
 [1.43647026 1.86125159]
 [0.7512843  1.12045328]
 [0.95940908 1.90313861]]",2.0,378,10.0
45,46,"[[0.29262866 1.55002069]
 [1.58475066 1.7992814 ]
 [1.52603513 0.15738739]
 [1.54087475 0.93485941]]",2.0,380,11.0
46,47,"[[0.2692874  1.07143808]
 [1.74678031 0.48757696]
 [0.17697969 0.55612756]
 [1.82677757 1.17905158]]",2.0,388,13.0
47,48,"[[1.79115793 1.10249028]
 [1.09497147 1.41522761]
 [2.02019509 0.88943009]
 [1.75282606 0.59522844]]",2.0,389,12.0
48,49,"[[0.34484493 1.07091355]
 [1.77198563 1.68774043]
 [0.24761051 0.45447914]
 [0.15911334 1.73307474]]",2.0,389,16.0
49,50,"[[0.28581715 1.41180337]
 [0.80487532 0.76045063]
 [2.00331296 1.10747095]
 [0.26751585 0.16397931]]",2.0,389,11.0
50,51,"[[1.98105206 1.33455254]
 [0.36034881 1.37482322]
 [1.40542413 1.42952795]
 [1.93747111 0.18207591]]",2.0,389,11.0
51,52,"[[1.36505879 1.94939812]
 [1.80844836 0.71122189]
 [0.93257823 0.27572259]
 [0.51117037 0.35453299]]",2.0,390,10.0
52,53,"[[0.16968631 1.22503272]
 [1.18379814 1.17167621]
 [0.09233232 1.4403337 ]
 [0.79013201 0.33559928]]",2.0,413,25.0
53,54,"[[1.8678449  1.05940795]
 [0.21785793 1.6745812 ]
 [1.514662   0.84389734]
 [1.73499284 1.37989949]]",2.0,413,24.0
54,55,"[[0.30063056 1.23214919]
 [1.50716765 0.92801685]
 [0.50881933 1.09993114]
 [1.91605459 0.12798624]]",2.0,413,23.0
55,56,"[[1.82078312 0.15450431]
 [0.05881731 2.04716146]
 [0.19899486 0.33617299]
 [1.38249075 1.06120319]]",2.0,419,30.0
56,57,"[[0.83232485 1.58436957]
 [1.27771354 1.74255604]
 [0.77408455 1.78522216]
 [1.13681308 1.6897506 ]]",2.0,421,32.0
57,58,"[[0.63527306 1.80565112]
 [2.00567221 0.10750447]
 [1.83698136 1.26853537]
 [1.6836423  0.699207  ]]",2.0,422,33.0
58,59,"[[0.42533866 1.46065739]
 [0.24783104 1.54165057]
 [1.96981414 1.73934381]
 [1.97266225 0.61739756]]",2.0,423,10.0
59,60,"[[0.57304371 0.36378518]
 [1.76025408 1.36962392]
 [1.72611893 1.69014507]
 [1.87531861 1.56233916]]",2.0,423,10.0
60,61,"[[1.94008842 1.93194846]
 [0.74833265 0.56689943]
 [1.92218368 0.44945146]
 [0.48346252 0.87813577]]",2.0,423,10.0
61,62,"[[1.50478553 1.15771448]
 [1.11765225 0.97153006]
 [1.11764748 1.2085933 ]
 [1.00949684 1.94584169]]",2.0,447,28.0
62,63,"[[1.15536938 1.81827433]
 [0.54118513 0.3736571 ]
 [1.14740498 0.303121  ]
 [1.39120856 1.75259683]]",2.0,447,24.0
63,64,"[[1.8089217  0.48222584]
 [1.39053118 0.2078053 ]
 [1.95290011 1.55888011]
 [1.96613071 1.31498049]]",2.0,448,25.0
64,65,"[[1.92934967 0.98264668]
 [0.07754259 2.01224172]
 [0.13638778 0.62594292]
 [0.87536024 0.28387997]]",2.0,450,28.0
65,66,"[[0.23061549 1.81475892]
 [1.88484052 0.30822296]
 [1.42180298 0.16855889]
 [0.16308352 0.45314681]]",2.0,452,29.0
66,67,"[[1.21802207 0.32272455]
 [1.67505648 0.22251501]
 [1.64537312 1.91176771]
 [0.27514044 1.46411431]]",2.0,452,31.0
67,68,"[[0.31646918 1.47240493]
 [1.76603053 0.87095835]
 [1.37810638 1.79151209]
 [0.53304311 0.86803547]]",2.0,480,33.0
68,69,"[[0.45219998 1.16750846]
 [1.51945648 1.4545237 ]
 [0.9568992  1.63367878]
 [1.04170173 0.153668  ]]",2.0,490,43.0
69,70,"[[1.92376768 2.00390726]
 [1.77756698 1.46324483]
 [1.97972717 1.70620246]
 [1.13882231 1.02216743]]",2.0,496,44.0
70,71,"[[0.45956613 0.93877134]
 [1.05801825 0.63196039]
 [1.93185894 0.26474566]
 [0.76440873 1.95509647]]",2.0,499,19.0
71,72,"[[1.21109991 1.05168136]
 [0.27495649 1.46729145]
 [1.32071327 1.91162538]
 [1.75856883 0.58226412]]",2.0,500,10.0
72,73,"[[0.55908503 1.89779292]
 [1.1843362  1.58616426]
 [1.07890808 0.47520245]
 [1.35649627 1.93439248]]",2.0,501,51.0
73,74,"[[1.60829963 1.52867048]
 [0.14967641 0.56699795]
 [0.99875356 1.83472726]
 [1.74735523 0.97286651]]",2.0,501,53.0
74,75,"[[1.58678615 1.16575782]
 [0.50775166 1.92385541]
 [0.47036451 0.41543111]
 [0.10315564 0.40367764]]",2.0,504,52.0
75,76,"[[0.18929626 0.75963043]
 [1.87509063 1.72902247]
 [0.67454072 1.2625842 ]
 [1.37474181 1.38041058]]",2.0,507,8.0
76,77,"[[0.59966992 1.23980535]
 [1.68066999 0.1321147 ]
 [0.65553741 1.57066296]
 [1.69323202 1.69168977]]",2.0,508,12.0
77,78,"[[0.85097801 1.22297731]
 [1.40579906 1.09175116]
 [0.20719868 0.6308544 ]
 [0.27948401 0.33208575]]",2.0,510,10.0
78,79,"[[1.86284742 0.80604074]
 [0.67238642 0.63752604]
 [0.31693226 0.5843012 ]
 [0.58531528 1.36286733]]",2.0,511,10.0
79,80,"[[0.0528591  1.56256409]
 [1.04786358 0.22952448]
 [0.34364557 0.21556153]
 [1.03389229 0.5652496 ]]",2.0,549,48.0
80,81,"[[0.03922592 0.24542072]
 [0.41582364 1.93010969]
 [0.55062014 0.3080573 ]
 [0.96624747 0.72100989]]",2.0,552,48.0
81,82,"[[0.11143008 0.11957437]
 [1.8309414  0.89723951]
 [1.39517335 0.72189146]
 [1.17441542 1.85046493]]",2.0,557,49.0
82,83,"[[1.43708543 1.41586597]
 [1.62531594 0.72999235]
 [1.95535278 1.42246423]
 [1.21828744 0.72214495]]",2.0,558,9.0
83,84,"[[0.13338939 1.17168474]
 [0.13044108 0.47197622]
 [1.45078083 1.53284888]
 [1.28368095 0.10346297]]",2.0,559,48.0
84,85,"[[2.00721727 0.53787029]
 [1.16068515 1.71684754]
 [0.65298848 0.35717543]
 [1.87236325 0.08627513]]",2.0,562,55.0
85,86,"[[0.33021341 1.50448428]
 [1.65117266 0.81500184]
 [1.62620013 2.01595998]
 [1.9671523  1.99314312]]",2.0,563,53.0
86,87,"[[1.34508792 0.44063848]
 [1.91603254 1.49679628]
 [1.30414161 1.18623203]
 [0.64801574 1.00829944]]",2.0,564,12.0
87,88,"[[0.4952068  1.45119546]
 [0.23630296 1.39492287]
 [1.32794249 1.93272531]
 [0.66601387 0.42328988]]",2.0,567,10.0
88,89,"[[0.07386076 0.7058906 ]
 [0.28771026 0.43669262]
 [1.2256354  0.72818312]
 [1.35941184 1.005876  ]]",2.0,572,14.0
89,90,"[[1.66873003 0.27695968]
 [2.00287087 1.88183028]
 [0.66208381 0.56528186]
 [0.36658446 0.99480565]]",2.0,573,14.0
90,91,"[[1.58391108 0.70925107]
 [1.01700286 0.32523737]
 [0.25988752 0.57769765]
 [0.54536835 1.13117858]]",2.0,576,14.0
91,92,"[[0.02578268 1.46932042]
 [0.57231839 0.79576788]
 [1.25326728 0.77153207]
 [1.33164022 0.82750234]]",2.0,578,15.0
92,93,"[[1.7200924  1.8230821 ]
 [0.16158981 1.30205222]
 [0.76717214 0.80881184]
 [1.79284763 0.63326157]]",2.0,578,14.0
93,94,"[[1.9895892  1.89460199]
 [0.60764914 1.77036062]
 [1.43201387 1.2501486 ]
 [1.46118724 1.4309225 ]]",2.0,582,15.0
94,95,"[[0.29632046 0.38799423]
 [0.59480926 0.84441383]
 [1.72620812 0.1993202 ]
 [1.07901215 0.9241775 ]]",2.0,586,8.0
95,96,"[[1.28211249 0.41413984]
 [0.85538097 1.44737661]
 [0.6499447  1.73772542]
 [1.40326946 0.32617934]]",2.0,587,11.0
96,97,"[[1.29059252 0.87397882]
 [1.44397406 1.25002984]
 [1.79352908 0.32598349]
 [0.66535017 1.07309692]]",2.0,587,9.0
97,98,"[[1.64704957 1.80599753]
 [1.81309988 1.54149123]
 [1.44180052 1.19517764]
 [1.5631552  0.52845755]]",2.0,587,15.0
98,99,"[[1.92970683 1.16980442]
 [1.66416488 0.46094557]
 [0.34668674 0.37511254]
 [1.03025391 0.55209012]]",2.0,588,15.0
99,100,"[[1.65327009 1.94705228]
 [1.38736774 0.35979752]
 [1.57577432 1.67868782]
 [0.32376114 1.49554353]]",2.0,591,9.0
100,101,"[[0.56551877 0.96450798]
 [1.960302   0.81965334]
 [1.14886193 1.15599245]
 [0.19001472 1.8267032 ]]",2.0,644,58.0
101,102,"[[0.1270282  0.84399963]
 [1.08790201 0.92291459]
 [0.41217738 0.87295997]
 [1.1307582  0.39256224]]",2.0,650,59.0
102,103,"[[1.71007268 0.22947416]
 [1.50137091 0.96031415]
 [0.21247484 1.29064087]
 [1.39457976 0.60196716]]",2.0,658,71.0
103,104,"[[0.50024644 1.87718379]
 [0.24819647 1.13518022]
 [1.92607359 1.06737655]
 [1.16716597 0.06277981]]",2.0,659,15.0
104,105,"[[0.45920019 0.82219932]
 [1.84457033 0.61727637]
 [0.54165602 1.9325095 ]
 [1.86648377 0.64344376]]",2.0,659,72.0
105,106,"[[0.86670322 1.05074095]
 [0.67568634 1.72324168]
 [0.50678229 0.50009817]
 [1.42783628 1.35495647]]",2.0,659,9.0
106,107,"[[1.57036008 1.60786471]
 [0.24281642 0.49689239]
 [0.61814767 1.17688879]
 [0.75460066 1.43597654]]",2.0,660,72.0
107,108,"[[1.33152113 1.60434676]
 [0.70991334 0.09142466]
 [0.63954507 0.02681675]
 [1.47095277 1.6690595 ]]",2.0,661,74.0
108,109,"[[0.69578443 1.15707358]
 [0.78994797 1.80415623]
 [0.08826714 1.68692957]
 [0.22294901 0.40165883]]",2.0,679,21.0
109,110,"[[1.32438127 1.53289684]
 [0.17981828 0.92471811]
 [0.23225605 0.33902497]
 [0.11951583 1.36786458]]",2.0,689,10.0
110,111,"[[1.2567795  1.53507331]
 [1.05821609 0.41415772]
 [1.3182541  1.15652639]
 [1.72016042 0.97620099]]",2.0,689,30.0
111,112,"[[1.07272696 1.16189961]
 [0.47078508 1.13793875]
 [1.38813    1.38758319]
 [0.7074673  0.62454157]]",2.0,690,31.0
112,113,"[[1.51641448 1.21924163]
 [1.26646289 0.24778061]
 [0.26858454 1.72310978]
 [0.24428278 1.72991327]]",2.0,691,30.0
113,114,"[[0.63242391 0.327176  ]
 [1.43712531 1.18634083]
 [0.42477006 1.37612006]
 [1.88467835 1.67364556]]",2.0,692,33.0
114,115,"[[1.39944443 0.53465522]
 [1.28363869 1.38750585]
 [0.59160552 0.12276181]
 [1.46145168 1.62185541]]",2.0,694,34.0
115,116,"[[0.2483334  1.34962857]
 [0.29317155 0.33209024]
 [1.56274609 1.80694231]
 [0.62350768 1.57570676]]",2.0,715,21.0
116,117,"[[1.59010869 0.70623942]
 [1.31330935 1.21098163]
 [1.29424059 1.19591442]
 [1.33233458 1.24016664]]",2.0,758,66.0
117,118,"[[0.96153347 0.78326144]
 [1.94750411 1.35206707]
 [0.77511425 0.15526918]
 [0.97895994 0.12607915]]",2.0,766,8.0
118,119,"[[1.64085966 0.82897296]
 [0.70051344 0.85932061]
 [1.4711247  0.59085024]
 [0.8120826  1.99177731]]",2.0,769,80.0
119,120,"[[0.22606467 1.27645045]
 [1.5020862  1.41766013]
 [1.95706744 1.64684913]
 [0.51579845 0.27186225]]",2.0,770,81.0
120,121,"[[1.95779788 1.51062153]
 [0.47174725 1.66058518]
 [0.06775158 1.1110575 ]
 [0.26202679 1.93712278]]",2.0,770,79.0
121,122,"[[1.37213207 1.78697351]
 [0.94339877 1.49913341]
 [0.91249551 0.15784669]
 [1.73970116 0.03814145]]",2.0,772,57.0
122,123,"[[2.00883448 1.25181618]
 [1.42067483 0.7034836 ]
 [1.02078921 1.40225166]
 [0.12356238 1.27096861]]",2.0,775,85.0
123,124,"[[1.76929005 0.87299709]
 [0.34677607 1.25068911]
 [1.01358721 0.29695513]
 [1.97482488 0.15495032]]",2.0,808,36.0
124,125,"[[1.82430222 1.48507139]
 [1.78371242 0.09801776]
 [1.63221145 0.39309087]
 [0.69509164 0.4103888 ]]",2.0,812,42.0
125,126,"[[0.73507116 1.03661317]
 [1.34561731 0.10431143]
 [1.52533428 0.82972447]
 [1.08883047 1.02313386]]",2.0,812,46.0
126,127,"[[0.24090411 1.61744723]
 [1.85295726 0.88929014]
 [1.28271306 0.35312303]
 [0.12667624 0.54759574]]",2.0,814,44.0
127,128,"[[1.90612513 1.49033268]
 [0.67875154 1.78097998]
 [1.56542886 0.92134794]
 [0.25431399 1.23297638]]",2.0,816,41.0
128,129,"[[1.65604171 0.81354936]
 [1.57727727 1.3692667 ]
 [1.17494642 1.80876402]
 [1.54371627 0.06831319]]",2.0,845,76.0
129,130,"[[1.60861054 0.5094156 ]
 [1.31146516 0.81052137]
 [1.52657389 1.74731441]
 [1.12500061 1.67749152]]",2.0,853,37.0
130,131,"[[1.49428836 1.68590644]
 [2.00290991 1.99400899]
 [1.6799381  1.83313841]
 [1.67310021 1.88853603]]",2.0,854,42.0
131,132,"[[0.22371229 1.40286161]
 [1.13090329 1.14083407]
 [1.27740605 1.05495005]
 [1.8793142  1.43187434]]",2.0,856,11.0
132,133,"[[1.48307684 0.4899908 ]
 [1.17954309 0.53252534]
 [1.27412529 0.42048324]
 [0.25424266 0.32468102]]",2.0,856,48.0
133,134,"[[1.84805546 0.45533381]
 [0.71302186 1.367386  ]
 [1.61348501 1.84208558]
 [0.45530862 0.49759975]]",2.0,857,43.0
134,135,"[[0.3748695  0.48500492]
 [1.83191307 1.74068214]
 [1.2756839  1.95579732]
 [0.20562137 1.6514945 ]]",2.0,859,47.0
135,136,"[[1.70744714 1.54183242]
 [0.50936376 0.55364573]
 [0.32227737 1.77710065]
 [0.74829509 0.39054055]]",2.0,983,127.0
136,137,"[[0.94531532 0.67485721]
 [0.07221082 0.84258231]
 [1.38814049 0.45115018]
 [0.18255254 1.7918663 ]]",2.0,992,136.0
137,138,"[[0.9150212  1.63038226]
 [1.77372157 0.66730008]
 [1.3234855  1.16720195]
 [1.53919736 0.77241944]]",2.0,992,135.0
138,139,"[[0.11065883 1.12544084]
 [0.74756648 0.19418783]
 [1.92453375 0.05072234]
 [0.82445389 1.48562289]]",2.0,992,139.0
139,140,"[[0.89456328 1.4752499 ]
 [0.82218915 1.39532215]
 [0.97134665 0.86750128]
 [1.65395113 0.97259195]]",2.0,992,133.0
140,141,"[[1.57127235 0.12765381]
 [0.19315697 0.94561967]
 [0.90312321 0.36057898]
 [0.23867301 0.40760186]]",2.0,993,139.0
141,142,"[[1.84971077 0.89861177]
 [1.79580285 0.29490727]
 [0.49974848 0.2774269 ]
 [1.50838302 1.74533753]]",2.0,993,10.0
142,143,"[[1.20503842 0.17457839]
 [0.68654444 0.75998766]
 [1.11438345 0.58686084]
 [1.63860624 0.8147562 ]]",2.0,1024,32.0
143,144,"[[0.77026725 1.77758971]
 [0.69618951 1.68116518]
 [0.25154907 1.96432198]
 [0.21123017 1.29852688]]",2.0,1031,38.0
144,145,"[[0.29579503 0.88417307]
 [1.59307631 0.58447441]
 [1.60987481 1.27285098]
 [1.60372618 1.31765705]]",2.0,1031,39.0
145,146,"[[0.67604183 0.12130394]
 [1.51381753 1.12982819]
 [1.30425927 0.46550738]
 [1.11525394 1.43464469]]",2.0,1032,39.0
146,147,"[[0.78338552 0.45126005]
 [0.40962806 1.78461985]
 [0.54120263 1.985757  ]
 [0.08009884 0.51539487]]",2.0,1032,40.0
147,148,"[[0.10324308 0.22322382]
 [0.95542917 0.33428112]
 [0.65254923 1.43794925]
 [1.38084673 0.97796281]]",2.0,1033,41.0
148,149,"[[1.23729527 1.74309581]
 [1.77312001 1.8399046 ]
 [1.87123757 0.17815644]
 [1.16086292 1.65473686]]",2.0,1034,10.0
149,150,"[[1.1154039  1.13008478]
 [0.66547406 0.98766281]
 [2.03722138 1.5080799 ]
 [0.3333959  0.99003327]]",2.0,1056,25.0
150,151,"[[0.26793688 1.85496978]
 [1.19349746 1.75266899]
 [0.39631201 0.17666252]
 [1.14682268 1.25243246]]",2.0,1058,25.0
151,152,"[[0.76859532 0.84192879]
 [1.18587946 1.58351131]
 [1.35240967 0.86731379]
 [0.63061809 0.45687075]]",2.0,1061,30.0
152,153,"[[1.1423018  1.98830984]
 [1.93936303 0.35875167]
 [1.50525573 1.62983317]
 [0.77779418 1.45318151]]",2.0,1067,11.0
153,154,"[[1.39851092 0.64170174]
 [1.54904112 0.18638363]
 [1.2030102  0.25300718]
 [1.53378197 0.27578613]]",2.0,1067,9.0
154,155,"[[1.49910584 0.46236365]
 [1.3041018  1.30091274]
 [0.80069279 1.99390513]
 [1.50394179 0.82802128]]",2.0,1069,35.0
155,156,"[[1.87963066 1.82940976]
 [1.12037471 0.68259195]
 [1.2396183  0.45238398]
 [1.03272029 0.68042507]]",2.0,1070,9.0
156,157,"[[0.04876693 1.68447352]
 [1.84848635 1.34170944]
 [1.20734916 1.86552907]
 [1.1830642  0.43730868]]",2.0,1073,41.0
157,158,"[[1.92772728 0.72608625]
 [1.71026692 1.50647671]
 [1.38875705 0.60247022]
 [0.02662135 1.78823276]]",2.0,1077,10.0
158,159,"[[0.99349999 1.50158804]
 [0.06449181 0.93598188]
 [1.52511311 0.29275618]
 [0.69699044 1.48569165]]",2.0,1077,45.0
159,160,"[[0.724253   1.32802698]
 [0.3990904  0.5484338 ]
 [0.6761245  1.24002193]
 [1.19431971 1.97018941]]",2.0,1077,10.0
160,161,"[[1.29007479 0.4657879 ]
 [0.03452987 0.27726286]
 [1.69011358 1.17208313]
 [0.47851948 1.63874078]]",2.0,1078,9.0
161,162,"[[0.27479181 1.58131098]
 [1.02539533 1.53329356]
 [1.37464058 0.13316494]
 [0.4351378  0.18526243]]",2.0,1078,8.0
162,163,"[[1.10986671 0.13044361]
 [2.0006867  0.16890362]
 [0.27275718 1.86106431]
 [0.4270685  1.53608004]]",2.0,1084,11.0
163,164,"[[1.56868644 0.36751692]
 [1.78537365 1.52254421]
 [1.51183741 0.59563726]
 [1.65232972 1.29856015]]",2.0,1086,9.0
164,165,"[[0.52786625 0.77445576]
 [0.31405247 0.30522018]
 [1.49676839 1.72920265]
 [0.71795094 1.25024054]]",2.0,1087,10.0
165,166,"[[0.35467213 1.57636206]
 [0.93176619 0.80721865]
 [0.6555998  1.83828505]
 [1.35114847 1.52159887]]",2.0,1088,10.0
166,167,"[[1.69790987 0.57157596]
 [1.53680347 1.5505374 ]
 [1.10630324 1.00071081]
 [0.99135329 0.43401424]]",2.0,1089,12.0
167,168,"[[1.72591879 0.10214525]
 [1.97258048 1.38164166]
 [2.0066024  1.57817705]
 [0.15634222 1.23996184]]",2.0,1090,12.0
168,169,"[[1.74564086 1.60314481]
 [0.80915307 0.48214319]
 [0.38442664 1.79644029]
 [1.47412635 1.95582814]]",2.0,1132,43.0
169,170,"[[0.90268486 0.50852969]
 [0.64359132 2.0372326 ]
 [0.67368345 1.66613686]
 [1.43396443 1.8769942 ]]",2.0,1167,77.0
170,171,"[[1.9636623  0.40388285]
 [0.21537996 0.83857983]
 [0.58320492 0.22661867]
 [1.50351793 0.82774917]]",2.0,1168,80.0
171,172,"[[0.9613542  0.81618388]
 [1.61797543 1.93108776]
 [1.97031167 1.31446125]
 [1.01802054 0.9815361 ]]",2.0,1175,89.0
172,173,"[[0.87971596 0.21287473]
 [0.12658122 1.24055639]
 [0.76652669 0.25897219]
 [0.67816569 0.34330673]]",2.0,1176,89.0
173,174,"[[1.01191766 1.81400231]
 [0.17737043 1.39577915]
 [1.44024383 0.3579729 ]
 [0.99672094 1.29001725]]",2.0,1177,45.0
174,175,"[[1.17706443 1.24291824]
 [1.63154909 1.22813423]
 [0.35969578 1.92973416]
 [0.45783523 0.78680412]]",2.0,1177,10.0
175,176,"[[0.64544984 1.30194204]
 [1.41947456 0.58253063]
 [1.62089521 1.1268043 ]
 [0.0953899  1.77829745]]",2.0,1177,9.0
176,177,"[[0.64817689 1.48038847]
 [1.0441824  0.2697661 ]
 [1.89136451 0.71678935]
 [1.33975593 0.78188997]]",2.0,1178,94.0
177,178,"[[0.59824996 1.03464608]
 [0.57544106 1.16194397]
 [0.16467429 1.96049442]
 [0.74524973 1.10990736]]",2.0,1185,10.0
178,179,"[[0.49695336 1.52354879]
 [1.3991983  1.93470322]
 [1.43003159 1.89927629]
 [0.1197836  0.7858895 ]]",2.0,1185,8.0
179,180,"[[1.62702401 0.58842167]
 [0.57783548 1.4441932 ]
 [0.42456794 0.2281496 ]
 [0.36333806 1.71051229]]",2.0,1186,9.0
180,181,"[[0.19463716 0.34818873]
 [1.24949818 1.53353309]
 [0.17032059 1.81258535]
 [0.61069727 0.69328523]]",2.0,1186,9.0
181,182,"[[0.41328284 0.67229087]
 [1.32152836 1.19392198]
 [0.82711096 0.7398481 ]
 [1.5617656  1.60857921]]",2.0,1187,9.0
182,183,"[[0.39091391 1.28473773]
 [1.5416007  2.0418999 ]
 [0.85080493 0.56569949]
 [0.03524653 0.94514648]]",2.0,1188,12.0
183,184,"[[1.40407924 0.73736211]
 [1.66065885 1.09799601]
 [0.71199536 1.230729  ]
 [0.63390403 1.23009547]]",2.0,1247,62.0
184,185,"[[1.88783445 1.63602435]
 [0.6879305  0.58994432]
 [1.25671701 1.05945347]
 [1.78596518 1.35111574]]",2.0,1249,61.0
185,186,"[[0.95810663 0.71464364]
 [0.76494182 0.28957836]
 [0.64929697 0.23291102]
 [0.5045601  0.12225188]]",2.0,1251,66.0
186,187,"[[0.98521874 1.48496641]
 [1.45274547 1.87426506]
 [1.44574349 1.50944072]
 [0.39994696 1.32136382]]",2.0,1251,65.0
187,188,"[[1.07561105 0.45710623]
 [1.82345919 1.14780266]
 [1.39691187 0.7382824 ]
 [1.42057589 1.58680379]]",2.0,1277,90.0
188,189,"[[1.4351164  0.60906572]
 [0.20282128 0.38273992]
 [1.37271162 0.86294045]
 [1.05602511 1.73315621]]",2.0,1292,106.0
189,190,"[[0.15574261 0.05095644]
 [1.24520586 1.20575296]
 [0.25913774 0.40904403]
 [0.17450057 1.05775557]]",2.0,1306,59.0
190,191,"[[0.33183217 1.86296551]
 [1.16096754 0.24850417]
 [0.17012811 0.81241307]
 [1.79165922 1.23527785]]",2.0,1311,62.0
191,192,"[[1.83032085 1.10225504]
 [0.18910311 0.84284621]
 [0.67374011 1.72336542]
 [0.19614966 1.88868991]]",2.0,1315,64.0
192,193,"[[1.9070194  1.26396651]
 [0.60238417 0.59494249]
 [2.00637696 0.92378797]
 [0.65608411 0.55944399]]",2.0,1318,41.0
193,194,"[[1.87921663 1.36038789]
 [1.10144554 1.22400882]
 [1.83558276 0.14018755]
 [1.9767531  0.72161416]]",2.0,1319,27.0
194,195,"[[0.24474832 1.52638948]
 [0.0181762  0.24960143]
 [1.05910979 0.36755187]
 [1.24907375 1.14219703]]",2.0,1325,19.0
195,196,"[[0.40755252 0.4284416 ]
 [0.11560751 0.81124467]
 [1.18382449 1.95358751]
 [0.21324981 1.24547512]]",2.0,1326,75.0
196,197,"[[1.91380616 1.82261336]
 [1.45623481 0.43474206]
 [1.81684745 0.81617339]
 [0.33935022 1.15787138]]",2.0,1327,12.0
197,198,"[[1.804044   0.39278043]
 [0.70124281 0.8297673 ]
 [1.08995925 1.17380087]
 [0.78018578 1.27541849]]",2.0,1327,8.0
198,199,"[[0.04851605 1.61764218]
 [1.92336055 0.45748619]
 [1.73330547 1.26033141]
 [1.25934418 1.79990612]]",2.0,1327,9.0
199,200,"[[1.4026034  1.20327671]
 [1.44245293 0.67154443]
 [0.12627279 1.03701293]
 [1.16596062 0.30727159]]",2.0,1327,16.0
200,201,"[[0.71918618 1.22209395]
 [0.93731337 1.94154849]
 [1.76098622 1.44335455]
 [1.14293519 0.20499928]]",2.0,1335,9.0
201,202,"[[1.55095999 1.08717783]
 [1.84217463 1.77005544]
 [0.372844   1.44638231]
 [1.09832265 0.53409768]]",2.0,1335,8.0
202,203,"[[1.00292687 0.28623045]
 [0.90238089 0.48926234]
 [0.65746873 1.89220693]
 [1.59151315 0.30962997]]",2.0,1336,9.0
203,204,"[[1.37246461 0.90917445]
 [1.62709781 1.99473025]
 [0.25804668 0.45551763]
 [0.27863321 0.26781874]]",2.0,1336,9.0
204,205,"[[0.31424611 1.54675989]
 [1.33838741 0.10496329]
 [0.9784825  0.95125467]
 [1.67517396 0.61319965]]",2.0,1336,9.0
205,206,"[[1.05648794 1.2452736 ]
 [0.22153616 1.372441  ]
 [0.74907615 1.203942  ]
 [0.60668889 1.8553249 ]]",2.0,1337,12.0
206,207,"[[1.5760252  2.00630768]
 [1.18609    1.3177374 ]
 [1.90595653 1.81487331]
 [0.66156772 0.91160212]]",2.0,1531,194.0
207,208,"[[1.20923445 1.44848887]
 [0.9150315  1.13328901]
 [0.84649137 0.83031043]
 [1.16844181 1.05523157]]",2.0,1534,198.0
208,209,"[[0.72519839 0.09188447]
 [1.03524642 1.32658087]
 [0.5964737  0.54955762]
 [1.45634211 1.11741179]]",2.0,1541,205.0
209,210,"[[1.95370247 0.98481165]
 [0.64502473 0.21771869]
 [0.12064697 1.8504445 ]
 [0.34042589 1.80242846]]",2.0,1543,9.0
210,211,"[[0.25684091 1.02242575]
 [0.09616769 0.52575811]
 [1.76343903 0.02505262]
 [1.36097374 1.35540911]]",2.0,1543,12.0
211,212,"[[1.97203743 1.88487664]
 [0.03528097 1.14832486]
 [1.80119164 1.03102708]
 [0.23229993 1.3830052 ]]",2.0,1544,209.0
212,213,"[[0.14568428 1.0474772 ]
 [0.59130887 1.55704658]
 [0.09510935 1.76492768]
 [0.49972129 1.70884597]]",2.0,1544,209.0
213,214,"[[0.29210069 1.39276971]
 [0.44044837 1.51244185]
 [0.32460517 1.08877066]
 [0.12843045 0.77689606]]",2.0,1545,209.0
214,215,"[[1.23176124 0.38882994]
 [0.58750302 0.30175392]
 [0.73746275 0.66624822]
 [1.7317917  1.25246381]]",2.0,1550,9.0
215,216,"[[0.26222267 0.76129886]
 [0.58277667 0.5593693 ]
 [0.7983134  0.14696365]
 [0.7726769  1.16433673]]",2.0,1553,9.0
216,217,"[[1.92922105 0.4481998 ]
 [0.45078571 0.51199757]
 [0.82826255 1.21504016]
 [1.54630552 0.7788441 ]]",2.0,1554,9.0
217,218,"[[0.34748088 0.92181299]
 [1.90899648 1.58902227]
 [0.98756186 0.99290234]
 [1.18327851 0.37659065]]",2.0,1554,10.0
218,219,"[[1.57208433 1.57712727]
 [0.45089491 1.36439363]
 [0.1775068  1.23607417]
 [1.90885545 0.27292772]]",2.0,1554,11.0
219,220,"[[0.70758431 0.39834832]
 [0.14776581 1.8336081 ]
 [0.90741419 0.55168778]
 [1.13371183 1.34002945]]",2.0,1556,13.0
220,221,"[[0.78577606 1.45722918]
 [0.73472696 1.88360168]
 [1.32486423 1.27010086]
 [1.76593428 0.15704544]]",2.0,1562,12.0
221,222,"[[0.82833541 0.30259588]
 [1.35574871 0.72053072]
 [1.36878481 1.97781878]
 [1.19380841 1.78295925]]",2.0,1562,9.0
222,223,"[[0.86318709 0.62077306]
 [0.63465042 1.17983287]
 [0.92375997 0.5727601 ]
 [0.98086107 1.70885294]]",2.0,1564,10.0
223,224,"[[0.24273806 0.08620626]
 [1.6187736  0.77193222]
 [0.99403352 1.47174958]
 [1.90921862 0.57639311]]",2.0,1564,10.0
224,225,"[[1.51209378 0.47565637]
 [0.55041727 1.18026704]
 [0.14154032 0.37289917]
 [1.01366588 0.83683193]]",2.0,1564,10.0
225,226,"[[1.74367256 1.91271707]
 [0.37461373 0.26662864]
 [1.23806689 0.99589039]
 [0.85589611 0.51281792]]",2.0,1566,10.0
226,227,"[[1.291888   0.96353582]
 [0.20696484 1.46671444]
 [0.05982656 1.25665561]
 [1.37818959 1.57470104]]",2.0,1573,11.0
227,228,"[[0.73318356 1.34650488]
 [0.48456015 0.1769439 ]
 [1.23589912 0.39332409]
 [1.07338402 1.90312132]]",2.0,1573,9.0
228,229,"[[1.52777251 1.7777318 ]
 [1.68927282 0.71211297]
 [1.32267847 1.26281327]
 [0.51713972 0.51360932]]",2.0,1573,11.0
229,230,"[[0.5346498  1.37817498]
 [1.52591559 1.55496436]
 [1.08490673 1.68497351]
 [0.31894733 1.98758482]]",2.0,1573,9.0
230,231,"[[1.46794759 1.86679752]
 [1.76419126 1.13887636]
 [1.6357686  0.54460766]
 [1.63185439 0.31494414]]",2.0,1574,10.0
231,232,"[[1.38541525 1.28054249]
 [1.85413612 0.49541271]
 [1.80478462 0.71952673]
 [1.31275857 0.86056833]]",2.0,1575,9.0
232,233,"[[1.63230189 0.03730923]
 [0.85600634 1.07805562]
 [0.72168445 1.28736988]
 [0.44192582 0.92400127]]",2.0,1592,18.0
233,234,"[[1.55509196 1.01567735]
 [0.36992784 0.13919435]
 [1.61913787 1.48386794]
 [1.91741978 0.93999585]]",2.0,1593,18.0
234,235,"[[1.6767833  0.68338507]
 [0.81927306 0.76328142]
 [1.25905703 1.71057544]
 [1.75299679 0.313646  ]]",2.0,1594,21.0
235,236,"[[0.387675   1.51674609]
 [0.62397386 0.62234134]
 [0.82542329 0.31416945]
 [0.42194019 1.05131288]]",2.0,1597,24.0
236,237,"[[1.71612671 1.61933944]
 [1.53231434 0.06305308]
 [1.46779814 0.81841781]
 [0.3504993  1.21202677]]",2.0,1606,33.0
237,238,"[[1.44665674 0.72183764]
 [1.05672961 1.27434137]
 [0.99296547 0.10517852]
 [0.79061496 0.49917882]]",2.0,1612,39.0
238,239,"[[1.73387054 1.15981158]
 [1.7538918  0.36081001]
 [1.54687876 0.84054042]
 [1.61118374 0.06847744]]",2.0,1614,21.0
239,240,"[[1.94599348 0.18508496]
 [0.48463656 1.83429871]
 [1.03054644 1.54553868]
 [1.01218109 0.91179383]]",2.0,1615,23.0
240,241,"[[0.96617576 1.10292986]
 [0.60965611 0.64548029]
 [0.44658382 0.96172593]
 [0.60984616 0.31818159]]",2.0,1620,26.0
241,242,"[[1.48808118 0.87361865]
 [1.7635913  0.22680164]
 [1.28175339 1.38900027]
 [0.75474087 1.23830498]]",2.0,1621,15.0
242,243,"[[0.1703543  0.47553007]
 [0.22562899 1.59006437]
 [0.33683869 1.43568019]
 [0.90959264 0.2153617 ]]",2.0,1621,24.0
243,244,"[[1.00100566 0.4603536 ]
 [1.99338759 1.11346119]
 [0.72361485 1.57153737]
 [0.83426998 1.85740739]]",2.0,1621,9.0
244,245,"[[0.88733625 1.27859086]
 [1.35724975 0.94786015]
 [0.45022759 0.06637781]
 [0.0987928  0.30432139]]",2.0,1623,9.0
245,246,"[[1.37157099 1.20401898]
 [0.5524703  1.49155313]
 [0.35118042 0.77680893]
 [0.48896529 1.97899145]]",2.0,1632,17.0
246,247,"[[1.8377507  2.14167118]
 [1.48817554 1.97994947]
 [1.15281319 1.54461156]
 [0.96690601 2.52499051]]",1.0,2120,500.0
247,248,"[[2.03459926 2.35628971]
 [1.54834353 2.12213731]
 [1.26108504 1.86219431]
 [1.18457665 2.93900317]]",0.5,2121,500.0
248,249,"[[2.26376438 2.57047593]
 [1.63287835 2.15921738]
 [1.49036096 2.1043149 ]
 [1.37208387 3.12044104]]",0.25,2121,500.0
249,250,"[[2.3355825  2.63863979]
 [1.66976887 2.18823021]
 [1.53005107 2.10825072]
 [1.46427609 3.12125578]]",0.125,2121,500.0
250,251,"[[2.37289926 2.67529936]
 [1.68318626 2.20186158]
 [1.55137148 2.10832067]
 [1.48484026 3.1579594 ]]",0.0625,2123,500.0
251,252,"[[2.37636246 2.67963163]
 [1.70101529 2.21020249]
 [1.56734856 2.11554084]
 [1.48953634 3.16345846]]",0.03125,2132,500.0
252,253,"[[2.3746026  2.73606334]
 [1.72757119 2.24662875]
 [1.5646062  2.16396011]
 [1.5247368  3.16523716]]",0.0625,2410,290.0
253,254,"[[2.49610918 2.69575155]
 [1.74248135 2.20697523]
 [1.61401321 2.16129604]
 [1.54908067 3.18629607]]",0.125,2421,298.0
254,255,"[[2.41899703 2.79196181]
 [1.82905185 2.22861296]
 [1.6226073  2.17568908]
 [1.71454687 3.24263233]]",0.25,2445,324.0
255,256,"[[2.86782975 2.79232575]
 [2.1136747  2.59807157]
 [1.76833085 2.19553091]
 [1.6596566  3.36768485]]",0.5,2490,369.0
256,257,"[[2.87362075 2.93834736]
 [2.36890891 2.34710505]
 [1.86543977 2.16501146]
 [1.75545112 3.96509511]]",1.0,2490,358.0
257,258,"[[3.3099607  4.25397042]
 [2.21047908 3.79145654]
 [1.94148639 4.06105184]
 [1.84917027 4.28081002]]",2.0,2614,493.0
258,259,"[[3.94111148 3.12552466]
 [2.19238762 2.91286954]
 [2.19603066 3.70554115]
 [2.23780324 4.88314187]]",2.0,2624,134.0
259,260,"[[2.99873745 2.85462394]
 [1.96039748 3.40135238]
 [3.12363177 2.40755655]
 [2.78475624 4.76241851]]",2.0,2624,203.0
260,261,"[[4.32080091 4.54999864]
 [2.16264814 4.08357219]
 [2.78010209 3.68250958]
 [3.00988582 5.04911237]]",2.0,2626,216.0
261,262,"[[3.14978138 4.12316362]
 [3.31618274 2.55559012]
 [3.10129992 2.74026467]
 [2.65776136 5.0741531 ]]",2.0,2633,143.0
262,263,"[[4.35531211 4.48842833]
 [1.89947576 2.97924301]
 [2.52654696 3.08064053]
 [2.08372949 4.7864935 ]]",2.0,2641,196.0
263,264,"[[2.49601884 4.54421853]
 [2.32497432 3.04121148]
 [2.09577161 2.87192641]
 [1.64119406 4.0218508 ]]",2.0,2965,324.0
264,265,"[[3.13613581 3.77846113]
 [3.27470653 2.36946935]
 [2.43301806 4.05681063]
 [2.61186047 3.71167623]]",2.0,2971,345.0
265,266,"[[3.16087537 3.46499335]
 [3.43523158 3.01495135]
 [2.78333337 2.62365953]
 [1.68523026 4.22328907]]",2.0,2976,352.0
266,267,"[[4.04769431 4.65886829]
 [3.41029169 2.48305619]
 [3.34821754 2.71486227]
 [2.15339952 3.74578621]]",2.0,2993,360.0
267,268,"[[2.52590168 2.73124438]
 [2.0118227  3.7300757 ]
 [1.94450822 4.06273755]
 [2.74035889 3.67919918]]",2.0,3009,395.0
268,269,"[[3.38090756 3.94444726]
 [3.6008483  2.9330071 ]
 [2.59761959 2.52155479]
 [2.4999834  3.40013138]]",2.0,3018,9.0
269,270,"[[3.44934375 4.10292877]
 [2.52390252 2.86181543]
 [1.69946077 2.59441894]
 [3.48340479 3.70057438]]",2.0,3020,49.0
270,271,"[[2.39671361 2.69302873]
 [2.82763954 3.91569767]
 [1.78316602 2.90277991]
 [2.44701256 4.52363484]]",2.0,3021,28.0
271,272,"[[3.99845324 4.07022315]
 [3.35889637 3.05911294]
 [1.80110033 3.01271679]
 [2.15481843 3.59093392]]",2.0,3021,56.0
272,273,"[[2.38116678 3.36251318]
 [2.468115   2.40943484]
 [2.53409968 3.10030891]
 [3.29523674 3.74337826]]",2.0,3023,47.0
273,274,"[[4.15701993 2.8856156 ]
 [2.23716119 2.61539096]
 [3.50435151 2.55566555]
 [2.39803692 3.47991666]]",2.0,3027,403.0
274,275,"[[2.61863258 3.16960712]
 [2.0535436  3.58985269]
 [2.5804227  2.13027967]
 [2.76091573 4.96746499]]",2.0,3096,78.0
275,276,"[[3.55739739 3.4637846 ]
 [3.66909235 4.16731047]
 [1.56496002 2.18140305]
 [2.08766296 3.36675158]]",2.0,3112,89.0
276,277,"[[2.72194082 3.58539244]
 [2.8793174  2.65610957]
 [1.81819483 3.98986387]
 [3.43259438 5.07137637]]",2.0,3113,86.0
277,278,"[[4.08959099 4.50252183]
 [2.93138752 2.61076537]
 [2.64757851 4.08816069]
 [1.62978478 3.5936086 ]]",2.0,3114,93.0
278,279,"[[3.6431526  4.53053827]
 [1.9663421  3.48916361]
 [2.26149284 3.9484306 ]
 [1.58551763 3.78869474]]",2.0,3168,148.0
279,280,"[[3.92409881 3.44207658]
 [1.73741531 4.02850352]
 [2.92865734 3.30232624]
 [1.64493125 3.32174091]]",2.0,3183,162.0
280,281,"[[2.63392246 4.4902522 ]
 [2.92205678 2.27345273]
 [1.8427654  2.11422246]
 [3.2991131  3.52209444]]",2.0,3195,82.0
281,282,"[[3.04051399 3.05436132]
 [2.68450429 3.44207359]
 [3.02184227 2.52081095]
 [2.49092595 4.54819357]]",2.0,3199,103.0
282,283,"[[3.57676575 3.63993173]
 [3.64933156 2.644289  ]
 [1.79510013 3.32456062]
 [2.01687624 5.13526967]]",2.0,3336,224.0
283,284,"[[3.41482904 3.04801218]
 [1.6983056  2.71435988]
 [2.8088717  3.10246896]
 [2.07970676 4.94539066]]",2.0,3377,182.0
284,285,"[[3.43620428 4.44669431]
 [2.08667338 2.37652765]
 [1.93239966 3.61689739]
 [1.59451562 4.34274705]]",2.0,3419,236.0
285,286,"[[2.78907215 4.60479628]
 [2.48171069 4.05398818]
 [1.62997822 4.06760323]
 [1.5763623  4.58688343]]",2.0,3425,311.0
286,287,"[[3.88073923 2.83809217]
 [2.61045499 3.67997211]
 [3.53804748 2.17685386]
 [1.96651323 3.46341078]]",2.0,3426,227.0
287,288,"[[4.34872141 2.87322148]
 [1.78235826 2.23886306]
 [3.20882325 2.37145713]
 [2.24015119 4.56443452]]",2.0,3447,279.0
288,289,"[[4.29470637 4.34830759]
 [3.31081345 3.92514467]
 [1.87655888 3.9205943 ]
 [2.11907532 4.29119946]]",2.0,3501,124.0
289,290,"[[4.48043937 4.69893506]
 [4.13204976 4.11563958]
 [2.29840283 4.43254692]
 [2.68616781 4.49107239]]",1.0,3836,500.0
290,291,"[[4.48518888 4.9805015 ]
 [4.58062956 4.5066598 ]
 [2.78683827 4.73036194]
 [3.01887987 4.94095817]]",0.5,3919,500.0
291,292,"[[4.62452206 5.19899521]
 [4.75061487 4.66598242]
 [2.91917494 4.97692042]
 [3.21630512 4.94657905]]",0.25,3925,500.0
292,293,"[[4.7376965  5.22131499]
 [4.87244911 4.70334208]
 [2.9468745  5.07603447]
 [3.26251535 4.94814986]]",0.125,3926,500.0
293,294,"[[4.74677893 5.23662084]
 [4.89558061 4.73889964]
 [2.9982626  5.0819918 ]
 [3.29471344 4.95127085]]",0.0625,3947,500.0
294,295,"[[4.75508692 5.25890182]
 [4.90021187 4.74124987]
 [3.01498959 5.09572844]
 [3.31029475 4.97423386]]",0.03125,4001,500.0
295,296,"[[4.7649988  5.26066266]
 [4.90729374 4.75622926]
 [3.01903046 5.1058851 ]
 [3.31237131 4.98784579]]",0.015625,4336,500.0
296,297,"[[4.7654122  5.26155721]
 [4.91029327 4.75955853]
 [3.02113067 5.1100771 ]
 [3.31308563 4.98819999]]",0.0078125,4419,500.0
297,298,"[[4.76593261 5.26424404]
 [4.91387226 4.76258169]
 [3.02479182 5.11278038]
 [3.31387161 4.99166045]]",0.00390625,4425,500.0
298,299,"[[4.76774201 5.26510529]
 [4.91554741 4.76324029]
 [3.02525144 5.11398938]
 [3.3149301  4.99242749]]",0.001953125,4426,500.0
299,300,"[[4.76783171 5.26533417]
 [4.91590084 4.76407762]
 [3.02563671 5.11401206]
 [3.31576756 4.99333931]]",0.0009765625,4447,500.0
300,301,"[[4.76810663 5.26546517]
 [4.9160713  4.76443624]
 [3.02607491 5.11438145]
 [3.31600216 4.99355952]]",0.00048828125,4501,500.0
301,302,"[[4.76783907 5.26626901]
 [4.91675617 4.76411573]
 [3.026059   5.11434609]
 [3.31656125 4.99417617]]",0.0009765625,4655,230.0
302,303,"[[4.76961591 5.26655874]
 [4.91691861 4.76455728]
 [3.02655276 5.11547676]
 [3.3162333  4.99385208]]",0.001953125,4710,374.0
303,304,"[[4.77158063 5.26738887]
 [4.91593625 4.76415501]
 [3.02679878 5.11741528]
 [3.31820412 4.99391356]]",0.00390625,4740,239.0
304,305,"[[4.77161306 5.26791599]
 [4.91692613 4.76440649]
 [3.02787308 5.11840482]
 [3.32007194 4.99396062]]",0.001953125,4919,500.0
305,306,"[[4.77171687 5.26807814]
 [4.9171765  4.76496061]
 [3.02792053 5.11846679]
 [3.32095185 4.99464304]]",0.0009765625,4926,500.0
306,307,"[[4.77175308 5.26840495]
 [4.91754374 4.76506251]
 [3.02838246 5.1187784 ]
 [3.32122759 4.99467238]]",0.00048828125,4947,500.0
307,308,"[[4.77239979 5.26884466]
 [4.91788328 4.76519609]
 [3.02872329 5.11869359]
 [3.32176078 4.99526041]]",0.0009765625,5122,412.0
308,309,"[[4.77182863 5.26979641]
 [4.91811718 4.76599881]
 [3.028783   5.11897353]
 [3.32215438 4.99471401]]",0.001953125,5140,221.0
309,310,"[[4.77212644 5.27040764]
 [4.91885996 4.76683081]
 [3.02962407 5.11948837]
 [3.32241409 4.99568617]]",0.0009765625,5155,500.0
310,311,"[[4.77325335 5.27152116]
 [4.91994662 4.76737916]
 [3.02915353 5.11937503]
 [3.32217278 4.9947162 ]]",0.001953125,5201,275.0
311,312,"[[4.77418515 5.27215356]
 [4.92030613 4.76824221]
 [3.02951708 5.11975555]
 [3.32231128 4.99545238]]",0.0009765625,5240,500.0
312,313,"[[4.77371789 5.27188691]
 [4.92187282 4.76830694]
 [3.02956528 5.11948742]
 [3.32409806 4.99526566]]",0.001953125,5384,262.0
313,314,"[[4.77382422 5.27225385]
 [4.92214323 4.76900155]
 [3.02985374 5.12023676]
 [3.32482747 4.9953044 ]]",0.0009765625,5447,500.0
314,315,"[[4.77505523 5.27224795]
 [4.92256313 4.7686092 ]
 [3.03132505 5.12056292]
 [3.32531094 4.9966555 ]]",0.001953125,5596,212.0
315,316,"[[4.77530396 5.2727471 ]
 [4.92305791 4.76958524]
 [3.03132751 5.12123455]
 [3.32554929 4.99694096]]",0.0009765625,5640,500.0
316,317,"[[4.77553776 5.27307397]
 [4.92350592 4.76993353]
 [3.03180707 5.12128735]
 [3.32582057 4.99701052]]",0.00048828125,5655,500.0
317,318,"[[4.77569423 5.27308072]
 [4.9236945  4.77000693]
 [3.03192178 5.12133497]
 [3.32599567 4.99713578]]",0.000244140625,5701,500.0
318,319,"[[4.77574796 5.27319198]
 [4.92377397 4.77012116]
 [3.03195486 5.12136926]
 [3.32611644 4.99717013]]",0.0001220703125,5740,500.0
319,320,"[[4.77572875 5.27328603]
 [4.92389137 4.77020693]
 [3.03195584 5.12155588]
 [3.32605014 4.99727812]]",0.000244140625,5935,234.0
320,321,"[[4.77579072 5.27339279]
 [4.92389467 4.77023694]
 [3.03206496 5.12166294]
 [3.32610424 4.99729292]]",0.0001220703125,5947,500.0
321,322,"[[4.77585623 5.27347555]
 [4.9239184  4.77031862]
 [3.03211953 5.12171281]
 [3.32615259 4.99732438]]",0.0001,6096,500.0
322,323,"[[4.77587788 5.27348055]
 [4.9239334  4.77034843]
 [3.03221791 5.12172493]
 [3.3261662  4.99742226]]",0.0001,6140,500.0
323,324,"[[4.77592404 5.27349008]
 [4.92397428 4.77042811]
 [3.03222217 5.12178578]
 [3.32618862 4.99744672]]",0.0001,6155,500.0
324,325,"[[4.77595373 5.27361078]
 [4.92396845 4.77047643]
 [3.03233173 5.12190701]
 [3.32630792 4.99761765]]",0.0002,6169,222.0
325,326,"[[4.77600883 5.27361313]
 [4.92398493 4.77052265]
 [3.03236243 5.12191719]
 [3.32633211 4.99769505]]",0.0001,6240,500.0
326,327,"[[4.7761194  5.2736523 ]
 [4.92415688 4.77055981]
 [3.03235175 5.12199202]
 [3.32647743 4.99774533]]",0.0002,6285,350.0
327,328,"[[4.77600909 5.27398477]
 [4.92397169 4.77079068]
 [3.03255741 5.12225652]
 [3.32656769 4.99766278]]",0.0004,6359,263.0
328,329,"[[4.77639411 5.27361667]
 [4.92401017 4.77112397]
 [3.03252843 5.12203342]
 [3.3267014  4.99832763]]",0.0008,6390,235.0
329,330,"[[4.77628323 5.27515641]
 [4.92498375 4.77164576]
 [3.03239571 5.122123  ]
 [3.32659102 4.99850806]]",0.0016,6408,239.0
330,331,"[[4.77783554 5.27562131]
 [4.92631808 4.77250586]
 [3.03546955 5.12331156]
 [3.32656913 5.00004096]]",0.0032,6583,224.0
331,332,"[[4.77852498 5.27581782]
 [4.92753212 4.77382298]
 [3.035817   5.12430062]
 [3.3274756  5.00157695]]",0.0016,6640,500.0
332,333,"[[4.77899149 5.27646668]
 [4.92754586 4.77412116]
 [3.03614843 5.12485779]
 [3.32750725 5.0018869 ]]",0.0008,6740,500.0
333,334,"[[4.77931254 5.27660695]
 [4.92757001 4.77422066]
 [3.03646634 5.12501254]
 [3.32788999 5.0022395 ]]",0.0004,6785,500.0
334,335,"[[4.77942243 5.27670858]
 [4.92761307 4.77432889]
 [3.03649315 5.1250957 ]
 [3.32807425 5.00230432]]",0.0002,6890,500.0
